Workbook

Sheet Sheet1
A1: 1 | B1: 2 | C1: 3 | D1: 4 | E1: 5 | F1: =SUM(A1:E1) -> 15
A2: 6 | B2: 7 | C2: 8 | D2: 9 | E2: 10 | F2: =SUM(A2:E2) -> 40
A3: 11 | B3: 12 | C3: 13 | D3: 14 | E3: 15 | F3: =SUM(A3:E3) -> 65
A4: 16 | B4: 17 | C4: 18 | D4: 19 | E4: 20 | F4: =SUM(A4:E4) -> 90
A5: 21 | B5: 22 | C5: 23 | D5: 24 | E5: 25 | F5: =SUM(A5:E5) -> 115
A6: =SUM(A1:A5) -> 55 | B6: =SUM(B1:B5) -> 60 | C6: =SUM(C1:C5) -> 65 | D6: =SUM(D1:D5) -> 70 | E6: =SUM(E1:E5) -> 75
A12: Column1 | B12: Column2 | C12: Column3 | D12: Column4
A13: 1 | B13: 2 | C13: 3 | D13: =SUM(A13:C13) -> 6
A14: 4 | B14: 5 | C14: 6 | D14: =SUM(A14:C14) -> 15
A15: 7 | B15: 8 | C15: 9 | D15: =SUM(A15:C15) -> 24
A16: =SUM(A13:A15) -> 12 | B16: =SUM(B13:B15) -> 15 | C16: =SUM(C13:C15) -> 18

Sheet Sheet2
A12: =Sheet1!A13+9 -> 10 | B12: =Sheet1!B13+9 -> 11 | C12: =Sheet1!C13+9 -> 12 | D12: =SUM(A12:C12) -> 33
A13: =Sheet1!A14+9 -> 13 | B13: =Sheet1!B14+9 -> 14 | C13: =Sheet1!C14+9 -> 15 | D13: =SUM(A13:C13) -> 42
A14: =Sheet1!A15+9 -> 16 | B14: =Sheet1!B15+9 -> 17 | C14: =Sheet1!C15+9 -> 18 | D14: =SUM(A14:C14) -> 51
A15: =SUM(A12:A14) -> 39 | B15: =SUM(B12:B14) -> 42 | C15: =SUM(C12:C14) -> 45

Sheet Sheet3
A12: =Sheet1!A13+18 -> 19 | B12: =Sheet1!B13+18 -> 20 | C12: =Sheet1!C13+18 -> 21 | D12: =SUM(A12:C12) -> 60
A13: =Sheet1!A14+18 -> 22 | B13: =Sheet1!B14+18 -> 23 | C13: =Sheet1!C14+18 -> 24 | D13: =SUM(A13:C13) -> 69
A14: =Sheet1!A15+18 -> 25 | B14: =Sheet1!B15+18 -> 26 | C14: =Sheet1!C15+18 -> 27 | D14: =SUM(A14:C14) -> 78
A15: =SUM(A12:A14) -> 66 | B15: =SUM(B12:B14) -> 69 | C15: =SUM(C12:C14) -> 72
